--Customer Info
INSERT [dbo].[CustomerInfo] ([CustID], [Name], [OrganizationName], [LastModifiedBy], [LastModifiedDate], [ObsInd]) VALUES (N'4ec93247-64ac-4233-bec4-6a48e3f68f6f', N'Shiva 2', N'SRS', N'System', CAST(0x0000A60C00F417E4 AS DateTime), N'N')
INSERT [dbo].[CustomerInfo] ([CustID], [Name], [OrganizationName], [LastModifiedBy], [LastModifiedDate], [ObsInd]) VALUES (N'b63f2912-9451-4efc-bbba-064f8271a770', N'', N'', N'System', CAST(0x0000A6100002CD30 AS DateTime), N'N')
INSERT [dbo].[CustomerInfo] ([CustID], [Name], [OrganizationName], [LastModifiedBy], [LastModifiedDate], [ObsInd]) VALUES (N'CI2016051900171471077295893', N'Test', N'Test', N'System', CAST(0x0000A60B0004BCE4 AS DateTime), N'N')
INSERT [dbo].[CustomerInfo] ([CustID], [Name], [OrganizationName], [LastModifiedBy], [LastModifiedDate], [ObsInd]) VALUES (N'CI2016051900292260106367486', N'ddddddd', N'ddddd', N'System', CAST(0x0000A60B000810D8 AS DateTime), N'N')
INSERT [dbo].[CustomerInfo] ([CustID], [Name], [OrganizationName], [LastModifiedBy], [LastModifiedDate], [ObsInd]) VALUES (N'f2a95599-6ea7-4642-9c94-0bbd870fa7dc', N'Shiva', N'SRS', N'System', CAST(0x0000A60C00F09F9C AS DateTime), N'N')
INSERT [dbo].[CustomerInfo] ([CustID], [Name], [OrganizationName], [LastModifiedBy], [LastModifiedDate], [ObsInd]) VALUES (N'NandhiMill', N'NandhiMill', N'NamdhiMill', N'System', CAST(0x0000A61600B9F9C4 AS DateTime), N'N')
INSERT [dbo].[CustomerInfo] ([CustID], [Name], [OrganizationName], [LastModifiedBy], [LastModifiedDate], [ObsInd]) VALUES (N'Om', N'Om', N'OM Rice Mills Assocaition of India', N'System', CAST(0x0000A616016696D4 AS DateTime), N'N')
INSERT [dbo].[CustomerInfo] ([CustID], [Name], [OrganizationName], [LastModifiedBy], [LastModifiedDate], [ObsInd]) VALUES (N'Om1', N'Om1', N'OM Rice Mills Assocaition of India', N'System', CAST(0x0000A616016CC734 AS DateTime), N'N')
INSERT [dbo].[CustomerInfo] ([CustID], [Name], [OrganizationName], [LastModifiedBy], [LastModifiedDate], [ObsInd]) VALUES (N'test1', N'test1', N'test1', N'System', CAST(0x0000A60A01844139 AS DateTime), N'N')

--MRoles
INSERT [dbo].[MRoles] ([RoleId], [RoleName], [Description], [ObsInd], [LastModifiedBy], [LastModifiedDate]) VALUES (N'RL2016053021455286103578028', N'Admin', N'Admin', N'N', N'System', CAST(0x0000A6160166AAC0 AS DateTime))

--MUserRole
INSERT [dbo].[RMUserRole] ([UserRoleId], [RoleId], [UserID], [CustID], [ObsInd], [LastModifiedBy], [LastModifiedDate]) VALUES (N'UR2016053021461092871124463', N'RL2016053021455286103578028', N'UI2016053021461063450110035', N'Om', N'N', N'System', CAST(0x0000A6160166BFD8 AS DateTime))
INSERT [dbo].[RMUserRole] ([UserRoleId], [RoleId], [UserID], [CustID], [ObsInd], [LastModifiedBy], [LastModifiedDate]) VALUES (N'UR2016053022083903360748573', N'RL2016053021455286103578028', N'UI2016053022083887472961429', N'Om1', N'N', N'System', CAST(0x0000A616016CECB4 AS DateTime))
INSERT [dbo].[RMUserRole] ([UserRoleId], [RoleId], [UserID], [CustID], [ObsInd], [LastModifiedBy], [LastModifiedDate]) VALUES (N'UR2016060816483132335363101', N'RL2016053021455286103578028', N'UI2016060816482920430349260', N'Om1', N'N', N'Om\test', CAST(0x0000A61F0114FF54 AS DateTime))

--MenuInfo
INSERT [dbo].[MenuInfo] ([MenuID], [ParentMenuID], [Title], [Description], [URL], [LastModifiedBy], [LastModifiedDate], [ObsInd]) VALUES (1, NULL, N'All  Configuration                                ', N'All  Configuration', N'', N'System', CAST(0x0000A60A01844139 AS DateTime), N'N')
INSERT [dbo].[MenuInfo] ([MenuID], [ParentMenuID], [Title], [Description], [URL], [LastModifiedBy], [LastModifiedDate], [ObsInd]) VALUES (3, 1, N'Add Paddy Types                                   ', N'Add Paddy Types', N'AddPaddyType.ascx', N'System', CAST(0x0000A60A0184413B AS DateTime), N'N')
INSERT [dbo].[MenuInfo] ([MenuID], [ParentMenuID], [Title], [Description], [URL], [LastModifiedBy], [LastModifiedDate], [ObsInd]) VALUES (4, 1, N'Add Unit Types                                    ', N'Add Unit Types', N'AddUnitsType.ascx', N'System', CAST(0x0000A60A0184413B AS DateTime), N'N')
INSERT [dbo].[MenuInfo] ([MenuID], [ParentMenuID], [Title], [Description], [URL], [LastModifiedBy], [LastModifiedDate], [ObsInd]) VALUES (5, 1, N'Add Godown Types                                  ', N'Add Godown Types', N'AddGodownDetails.ascx', N'System', CAST(0x0000A60A0184413B AS DateTime), N'N')
INSERT [dbo].[MenuInfo] ([MenuID], [ParentMenuID], [Title], [Description], [URL], [LastModifiedBy], [LastModifiedDate], [ObsInd]) VALUES (6, 1, N'Add Lot Types                                     ', N'Add Lot Types', N'AddLotDetails.ascx', N'System', CAST(0x0000A60A0184413B AS DateTime), N'N')
INSERT [dbo].[MenuInfo] ([MenuID], [ParentMenuID], [Title], [Description], [URL], [LastModifiedBy], [LastModifiedDate], [ObsInd]) VALUES (7, 1, N'Add Bag Types                                     ', N'Add Bag Types', N'AddBagType.ascx', N'System', CAST(0x0000A60A0184413B AS DateTime), N'N')
INSERT [dbo].[MenuInfo] ([MenuID], [ParentMenuID], [Title], [Description], [URL], [LastModifiedBy], [LastModifiedDate], [ObsInd]) VALUES (8, 1, N'Add Rice Type                                     ', N'Add RiceType', N'AddRiceType.ascx', N'System', CAST(0x0000A60A0184413B AS DateTime), N'N')
INSERT [dbo].[MenuInfo] ([MenuID], [ParentMenuID], [Title], [Description], [URL], [LastModifiedBy], [LastModifiedDate], [ObsInd]) VALUES (9, 1, N'Add Broken Rice Type                              ', N'Add Broken Rice', N'AddBrokenRiceType.ascx', N'System', CAST(0x0000A60A0184413B AS DateTime), N'N')
INSERT [dbo].[MenuInfo] ([MenuID], [ParentMenuID], [Title], [Description], [URL], [LastModifiedBy], [LastModifiedDate], [ObsInd]) VALUES (10, NULL, N'Purchase                                          ', N'Purchase', N'', N'System', CAST(0x0000A60A0184413B AS DateTime), N'N')
INSERT [dbo].[MenuInfo] ([MenuID], [ParentMenuID], [Title], [Description], [URL], [LastModifiedBy], [LastModifiedDate], [ObsInd]) VALUES (11, 10, N'Add Seller Information                            ', N'Add Seller Information', N'SellerInfoDetails.ascx', N'System', CAST(0x0000A60A0184413B AS DateTime), N'N')
INSERT [dbo].[MenuInfo] ([MenuID], [ParentMenuID], [Title], [Description], [URL], [LastModifiedBy], [LastModifiedDate], [ObsInd]) VALUES (12, 10, N'Paddy Stock                                       ', N'Paddy Stock', N'TransactionPaddyStockInfo.ascx', N'System', CAST(0x0000A60A0184413B AS DateTime), N'N')
INSERT [dbo].[MenuInfo] ([MenuID], [ParentMenuID], [Title], [Description], [URL], [LastModifiedBy], [LastModifiedDate], [ObsInd]) VALUES (13, 10, N'Bag Stock Infomation                              ', N'Bag Stok Info', N'BagStockInfo.ascx', N'System', CAST(0x0000A60A0184413B AS DateTime), N'N')
INSERT [dbo].[MenuInfo] ([MenuID], [ParentMenuID], [Title], [Description], [URL], [LastModifiedBy], [LastModifiedDate], [ObsInd]) VALUES (14, NULL, N'Hulling Process                                   ', N'Hulling Process', N'', N'System', CAST(0x0000A60A0184413B AS DateTime), N'N')
INSERT [dbo].[MenuInfo] ([MenuID], [ParentMenuID], [Title], [Description], [URL], [LastModifiedBy], [LastModifiedDate], [ObsInd]) VALUES (15, 14, N'Add Process                                       ', N'Add Process', N'HullingProcess.ascx', N'System', CAST(0x0000A60A0184413B AS DateTime), N'N')
INSERT [dbo].[MenuInfo] ([MenuID], [ParentMenuID], [Title], [Description], [URL], [LastModifiedBy], [LastModifiedDate], [ObsInd]) VALUES (16, NULL, N'Selling                                           ', N'Selling', N'', N'System', CAST(0x0000A60A0184413B AS DateTime), N'N')
INSERT [dbo].[MenuInfo] ([MenuID], [ParentMenuID], [Title], [Description], [URL], [LastModifiedBy], [LastModifiedDate], [ObsInd]) VALUES (17, 16, N'Product Selling Information                       ', N'Product Selling Information  ', N'ProductSellingInfo.ascx', N'System', CAST(0x0000A60A0184413B AS DateTime), N'N')
INSERT [dbo].[MenuInfo] ([MenuID], [ParentMenuID], [Title], [Description], [URL], [LastModifiedBy], [LastModifiedDate], [ObsInd]) VALUES (18, 16, N'Product Returned Information                      ', N'Product Returned Information', N'ProductReturnInfo.ascx', N'System', CAST(0x0000A60A0184413B AS DateTime), N'N')
INSERT [dbo].[MenuInfo] ([MenuID], [ParentMenuID], [Title], [Description], [URL], [LastModifiedBy], [LastModifiedDate], [ObsInd]) VALUES (19, 1, N'Add Rice Brand                                    ', N'Add Rice Brand', N'AddRiceBrandType.ascx', N'System', CAST(0x0000A60A0184413B AS DateTime), N'N')
INSERT [dbo].[MenuInfo] ([MenuID], [ParentMenuID], [Title], [Description], [URL], [LastModifiedBy], [LastModifiedDate], [ObsInd]) VALUES (20, 16, N'Add Product Selling Type                          ', N'Add Product Selling Type', N'AddProductSellingType.ascx', N'System', CAST(0x0000A60A0184413B AS DateTime), N'N')
INSERT [dbo].[MenuInfo] ([MenuID], [ParentMenuID], [Title], [Description], [URL], [LastModifiedBy], [LastModifiedDate], [ObsInd]) VALUES (21, NULL, N'Reports                                           ', N'Reports', N'', N'System', CAST(0x0000A60A0184413B AS DateTime), N'N')
INSERT [dbo].[MenuInfo] ([MenuID], [ParentMenuID], [Title], [Description], [URL], [LastModifiedBy], [LastModifiedDate], [ObsInd]) VALUES (22, 1, N'Add Employee Designation                          ', N'Add Employee Designation', N'AddEmpDesig.ascx', N'System', CAST(0x0000A61F01044A5D AS DateTime), N'N')
INSERT [dbo].[MenuInfo] ([MenuID], [ParentMenuID], [Title], [Description], [URL], [LastModifiedBy], [LastModifiedDate], [ObsInd]) VALUES (23, 1, N'Add Salary Type                                   ', N'Add Salary Type', N'AddSalaryType.ascx', N'System', CAST(0x0000A61F01044A5D AS DateTime), N'N')
INSERT [dbo].[MenuInfo] ([MenuID], [ParentMenuID], [Title], [Description], [URL], [LastModifiedBy], [LastModifiedDate], [ObsInd]) VALUES (24, 1, N'Add Employee                                      ', N'Add Employee', N'EmployeeDetails.ascx', N'System', CAST(0x0000A61F01044A5D AS DateTime), N'N')
INSERT [dbo].[MenuInfo] ([MenuID], [ParentMenuID], [Title], [Description], [URL], [LastModifiedBy], [LastModifiedDate], [ObsInd]) VALUES (25, 1, N'Add Employee Salary                               ', N'Add Employee Salary', N'EmployeeSalary.ascx', N'System', CAST(0x0000A61F01044A5D AS DateTime), N'N')
INSERT [dbo].[MenuInfo] ([MenuID], [ParentMenuID], [Title], [Description], [URL], [LastModifiedBy], [LastModifiedDate], [ObsInd]) VALUES (26, 21, N'Paddy Stock Report                                ', N'Paddy Stock Report', N'RPT_PaddyStockReport.ascx', N'System', CAST(0x0000A61F01050E82 AS DateTime), N'N')
INSERT [dbo].[MenuInfo] ([MenuID], [ParentMenuID], [Title], [Description], [URL], [LastModifiedBy], [LastModifiedDate], [ObsInd]) VALUES (27, NULL, N'Payments                                          ', N'Payments', N'', N'System', CAST(0x0000A62000DA7A39 AS DateTime), N'N')
INSERT [dbo].[MenuInfo] ([MenuID], [ParentMenuID], [Title], [Description], [URL], [LastModifiedBy], [LastModifiedDate], [ObsInd]) VALUES (28, 27, N'Salary Payment                                    ', N'Salary Payment', N'EmployeeSalaryPayment.ascx', N'System', CAST(0x0000A62000DAD3A1 AS DateTime), N'N')
INSERT [dbo].[MenuInfo] ([MenuID], [ParentMenuID], [Title], [Description], [URL], [LastModifiedBy], [LastModifiedDate], [ObsInd]) VALUES (29, 10, N'Add Buyer Information                             ', N'Add Buyer Information', N'BuyerInfoDetails.ascx', N'System', CAST(0x0000A62600DB4A46 AS DateTime), N'N')

--Users
INSERT [dbo].[Users] ([UserID], [CustID], [Name], [PassWord], [LastModifiedBy], [LastModifiedDate], [ObsInd]) VALUES (N'UI2016053011173519844255929', N'NandhiMill', N'nagu', N'A47WV84jYe+SASsqD8pMIA==', N'System', CAST(0x0000A61600BA1A94 AS DateTime), N'N')
INSERT [dbo].[Users] ([UserID], [CustID], [Name], [PassWord], [LastModifiedBy], [LastModifiedDate], [ObsInd]) VALUES (N'UI2016053021461063450110035', N'Om', N'Test', N'/aM5nPzVFy58l+2LTaX7jA==', N'System', CAST(0x0000A6160166BFD8 AS DateTime), N'N')
INSERT [dbo].[Users] ([UserID], [CustID], [Name], [PassWord], [LastModifiedBy], [LastModifiedDate], [ObsInd]) VALUES (N'UI2016053022083887472961429', N'Om1', N'Test', N'/aM5nPzVFy58l+2LTaX7jA==', N'System', CAST(0x0000A616016CEB88 AS DateTime), N'N')
INSERT [dbo].[Users] ([UserID], [CustID], [Name], [PassWord], [LastModifiedBy], [LastModifiedDate], [ObsInd]) VALUES (N'UI2016060816482920430349260', N'Om1', N'test1', N'/aM5nPzVFy58l+2LTaX7jA==', N'Om\test', CAST(0x0000A61F0114FCFC AS DateTime), N'N')
